id,song
mLTFwU1pP0Y,Misty Mountain Hop
5Oa2ZYMkUc0,Misty Mountain Hop
rTzcz4qDNZM,Misty Mountain Hop
i_u85yqMjLA,Misty Mountain Hop
WPC3PDzN2B0,Over the Hills and far away
Cnd-kQoARNM,Over the Hills and far away
MJH1oh_c4DQ,Over the Hills and far away
7tJTHN4IvM8,Over the Hills and far away
-JvESMqWX0s,Over the Hills and far away
ancv--IxLH8,Over the Hills and far away
fbDw5ST9bKc,Ten Years Gone
lEA3kxFV7oE,Ten Years Gone
uiXSFNciM08,Ramble on
BeDylD8dV7U,The Rain Song
7rPbfSSWW6Y,The Rain Song
3aqzlZV8Id4,Rock and Roll
Ysg7qDxmbyE,Rock and Roll
zKr53YxxH60,The Rover
hjSZKHpnY6c,The Rover
ZjKDKxntinU,The Rover
07q_eyqT11Q,The Rover
UFCjFCh9X5o,The Rover
hjSZKHpnY6c,The Rover
osnNhcj92ao,Stairway to Heaven
FM4JtbphU8o,The Lemon Song
CuKIplaoHtQ,The Lemon Song
DIonS9790PY,The Ocean
PikvWrtfMxU,Black Dog
3m4C_MWO3RU,Celebration Day
zNbheLU69hs,Celebration Day
gkpM0sJSATk,Heart Breaker
R-0UWD3Vlcg,Whole Lotta Love
